video_id,video_url,video_title,published_at,website,use,details,frame_path,
s_bb4DwfgEY,https://www.youtube.com/watch?v=s_bb4DwfgEY,Remove vocals from any song,6/2/2025,remusic.ai/ai-vocal-remover,Extract vocals and instruments from songs,"The website allows users to upload a song and separate its vocals and instruments. Users can isolate just the vocals or just the instruments, and even select specific instruments like drums to extract. This makes it easy to isolate different audio components from a track.",data\raw\frames\frame_video_s_bb4DwfgEY_unknown_website_003_00.jpg,
21s0b5Tcmn4,https://www.youtube.com/watch?v=21s0b5Tcmn4,Did you know this trick?,5/27/2025,setupspawn@outlook.com,Infinite emails,Unable to extract detailed information from transcript,data\raw\frames\frame_video_21s0b5Tcmn4_unknown_website_008_00.jpg,
BCHPbPN44a8,https://www.youtube.com/watch?v=BCHPbPN44a8,PC Tricks You Didn't Know,5/20/2025,No website,Extract text from images or PDFs using Windows Snipping Tool's OCR feature,"The speaker describes using the Windows Snipping Tool to capture an image of text that cannot be copied directly from an image or PDF. By pressing Windows key + Shift + S, you can highlight the area containing the text. Opening the snip in the Snipping Tool allows you to click a button that enables text selection or copying all text from the image, which can then be pasted elsewhere. This leverages the built-in OCR (Optical Character Recognition) functionality of the Snipping Tool in Windows.",data\raw\frames\frame_video_BCHPbPN44a8_unknown_website_015_00.jpg,
WM3raNv8GOA,https://www.youtube.com/watch?v=WM3raNv8GOA,Don't tell your Teachers,5/15/2025,thea.study,Generates smart study guides and flashcards from uploaded class materials,"Thea.study allows users to upload PDFs or type in their study topics to automatically generate smart study guides tailored to the material. It creates numerous flashcards and practice questions, helping users prepare effectively for tests by turning their class content into interactive study tools.",data\raw\frames\frame_video_WM3raNv8GOA_unknown_website_003_00.jpg,
Maymu8pmS94,https://www.youtube.com/watch?v=Maymu8pmS94,Why didn't I have this in school?,5/8/2025,part324.com,Interactive historical map showing world changes across eras,"Allows users to explore different historical periods by clicking on eras, zoom into specific regions like Italy, view rulers and religions, and add markers for battles, politicians, and artists with detailed information on each.",data\raw\frames\frame_video_Maymu8pmS94_part324_com_002.jpg,
b8eZXmjfpv0,https://www.youtube.com/watch?v=b8eZXmjfpv0,I got catfished,4/30/2025,https://faceonlive.com,Detect if a photo is AI-generated or a deepfake,"Faceonlive.com allows users to upload a picture to determine if it is fake or AI-generated, identifying the specific image generator used. It helps verify the authenticity of images, useful for spotting catfishing or deepfakes. The site can accurately distinguish real photos from AI-altered ones and even identify the AI model responsible, providing an easy and reliable way to check image authenticity.",data\raw\frames\frame_video_b8eZXmjfpv0_unknown_website_007_00.jpg,
dPpufmzDql4,https://www.youtube.com/watch?v=dPpufmzDql4,Impress Your Imaginary Friends,4/20/2025,musclewiki.com,Generate customized workouts based on equipment and target muscles,"Musclewiki.com allows users to select their available workout equipment and target specific muscles to receive exercise guides and videos tailored to those choices. It features a workout generator where users can specify their fitness goal, such as gaining strength, choose equipment and muscle groups like chest and back, and then generate a customized workout plan easily.",data\raw\frames\frame_video_dPpufmzDql4_unknown_website_003_00.jpg,
uBE8hJ5k7bE,https://www.youtube.com/watch?v=uBE8hJ5k7bE,This Game Cured My Boredom,4/9/2025,secure boredom,Explore global cities by driving through their streets virtually,Allows users to pick any location on a globe and drive a car through the streets of that city; includes features like teleporting to friends and challenging them to races.,data\raw\frames\frame_video_uBE8hJ5k7bE_secure boredom_000.jpg,
TSbGIQDfBbA,https://www.youtube.com/watch?v=TSbGIQDfBbA,Should we be worried?,3/26/2025,chatgpt.com/?model=gpt-4o,Website mentioned: chatgpt.com/?model=gpt-4o,Unable to extract detailed information from transcript,data\raw\frames\frame_video_TSbGIQDfBbA_unknown_website_011_00.jpg,
T959v9bdLfQ,https://www.youtube.com/watch?v=T959v9bdLfQ,Netflix Doesn't Tell You This,3/18/2025,netflix.com,Hear actors voices better,Unable to extract detailed information from transcript,,
tAp8c6u-GZ4,https://www.youtube.com/watch?v=tAp8c6u-GZ4,Radio Stations From Every Country,3/11/2025,radiocast.co,Find and listen to radio stations worldwide via an interactive map,"Radiocast.co provides an interactive map displaying numerous radio stations from various countries, allowing users to explore and listen to stations by location and genre, such as selecting pop stations in Italy. It offers an engaging way to discover music and radio content globally.",data\raw\frames\frame_video_tAp8c6u-GZ4_unknown_website_003_00.jpg,
awSA5Mf_E30,https://www.youtube.com/watch?v=awSA5Mf_E30,Free Books?,3/5/2025,openlibrary.org,Borrow millions of books and ebooks for free online,"The speaker describes a website where you can search for books, borrow them easily if available, and if not, the site shows where to locate them. It functions as a large online library offering free access to millions of books and ebooks.",data\raw\frames\frame_video_awSA5Mf_E30_unknown (online library of millions of books and ebooks)_000.jpg,
fhehGr9Jtsk,https://www.youtube.com/watch?v=fhehGr9Jtsk,Did you know this?,2/25/2025,timemap.org,Interactive historical map showing world changes over time,"The website features a fun interactive map that lets you scroll through history, view world changes by year, check rulers of regions at specific times, and see historical battles like the Battle of the Alamo in 1837, with clickable elements providing more information.",data\raw\frames\frame_video_fhehGr9Jtsk_not explicitly mentioned_000.jpg,
octMkvibGZw,https://www.youtube.com/watch?v=octMkvibGZw,Powerful website you need to know,2/18/2025,citywalki.com,"Virtually explore cities worldwide by walking, driving, or flying through them","Citywalki.com allows users to virtually explore hundreds of cities globally as if they were physically walking around. Users can select a city, such as Bangkok, Thailand, and choose different modes of navigation including walking, driving, or flying over the city. This immersive experience lets users see real-time views and even encounter scenarios like traffic jams, providing a realistic feel of being in the city without leaving home.",data\raw\frames\frame_video_octMkvibGZw_unknown_website_005_00.jpg,
YPK17Xi-C-0,https://www.youtube.com/watch?v=YPK17Xi-C-0,I wasted too much time with this,2/10/2025,colorifyai.art,Generate coloring book pages from text prompts or uploaded images,"You can type a prompt like 'Mario riding a motorcycle' to generate a coloring book page or upload a picture, such as one of R2D2, to create a custom coloring book page easily.",data\raw\frames\frame_video_YPK17Xi-C-0_alpha websites_001.jpg,
_Q6Fc_i6qjE,https://www.youtube.com/watch?v=_Q6Fc_i6qjE,Is this the future?,2/3/2025,zoo.dev/text-to-cad,Generate 3D CAD models from text descriptions,"The website allows users to create 3D models for CAD or 3D printing by inputting text descriptions specifying dimensions and features, such as a '20 millimeter thick left phalange.' After submitting the text, the site generates a rotatable 3D model that users can inspect and, if satisfied, download in various file formats for further use.",data\raw\frames\frame_video__Q6Fc_i6qjE_unknown_website_003_00.jpg,
9qWVZJmyfP0,https://www.youtube.com/watch?v=9qWVZJmyfP0,This will get you Straight A's,1/26/2025,google.com/search?q=pdf+to+brain+rot,Generate brain rot videos from PDFs or text for focused studying,"The website allows users to upload a URL, text, or PDF to create a 'brain rot' video that helps with studying, especially for those with ADHD. Users can customize the video by selecting backgrounds (e.g., Subway Surfers) and then generate a video that visually presents the content of the uploaded PDF or text, making it easier to watch and learn from the material.",data\raw\frames\frame_video_9qWVZJmyfP0_unknown_website_007_00.jpg,
tHiijRI_6E4,https://www.youtube.com/watch?v=tHiijRI_6E4,Don't Fall For This!,1/17/2025,spoken.io,Find cheap alternatives to any item,Unable to extract detailed information from transcript,data\raw\frames\frame_video_tHiijRI_6E4_unknown_website_010_00.jpg,
diqt7PBqWsc,https://www.youtube.com/watch?v=diqt7PBqWsc,Delete yourself from the Internet,1/9/2025,google/resultsaboutyou,Track status of Google search result removal requests,"The website goo.gle/resultsaboutyou allows users to view all their requests to remove personal information from Google search results and check the status of each removal request, providing a centralized way to manage and monitor these privacy-related actions.",data\raw\frames\frame_video_diqt7PBqWsc_unknown_website_015_00.jpg,
Dwg_cm56GpI,https://www.youtube.com/watch?v=Dwg_cm56GpI,What would you do with this?,1/1/2025,backflip.ai,Create 3D models from text descriptions and edit them interactively,"The website allows users to start creating 3D models by entering text prompts like 'robot anime girl', generating multiple images to choose from, then converting the selected image into various 3D models. Users can download or edit these models by dragging shapes onto them or importing their own pictures to create custom 3D models.",data\raw\frames\frame_video_Dwg_cm56GpI_not explicitly mentioned_000.jpg,
luQGaJwFliA,https://www.youtube.com/watch?v=luQGaJwFliA,Netflix Doesn't Want You To Know,12/26/2024,netflix.com (with secret category codes),Discover hidden Netflix categories using secret category codes,"The website provides a list of secret category codes that Netflix doesn't openly show; by entering these codes, you can access specific hidden genres or categories on Netflix, such as 'IMI for gamers' or 'Animal Tales 5507'. You can use these codes both on the website and directly on your Netflix app or TV to find niche content like 'Castlevania' or 'Canine Intervention'.",data\raw\frames\frame_video_luQGaJwFliA_netflix_com (with secret category codes)_002.jpg,
W4jo3aXIHNM,https://www.youtube.com/watch?v=W4jo3aXIHNM,Keep This A Secret,12/11/2024,alpharoadmap.com,Provides detailed career roadmaps for various IT professions,"The site offers step-by-step roadmaps for careers like backend engineering, explaining each step with free learning resources; adding 'AI' to the URL lets you generate custom roadmaps for any profession, such as financial analyst.",data\raw\frames\frame_video_W4jo3aXIHNM_alpharoadmap_com_000.jpg,
tOqf8WDBHuQ,https://www.youtube.com/watch?v=tOqf8WDBHuQ,Is This Getting Too Real?,12/4/2024,google.com/search?q=ominicontrol+space,Generate AI images from reference image,Unable to extract detailed information from transcript,data\raw\frames\frame_video_tOqf8WDBHuQ_unknown_website_004_00.jpg,
R88ypfpmtMc,https://www.youtube.com/watch?v=R88ypfpmtMc,Don't Buy on Black Friday Before Knowing This!,11/29/2024,amazon.com,Online marketplace for buying products with potential Black Friday deals,"The speaker discusses how some sellers on Amazon inflate prices before Black Friday and then reduce them to appear as good deals, advising caution when purchasing.",data\raw\frames\frame_video_R88ypfpmtMc_amazon_com_000.jpg,
#NAME?,https://www.youtube.com/watch?v=-CrwkcKs_40,Use This Wisely,11/27/2024,magic.chenjunfeng.xyz,Edit and transform photos using AI-powered brush tools,"The website allows users to upload a picture and use various brush tools to selectively modify parts of the image. For example, you can color over specific areas like hair or clothing and then instruct the AI to change those features, such as giving someone emo hair or a black hoodie jacket. The AI processes these inputs and generates realistic edits, including subtle details like adding a red streak to hair, demonstrating precise and creative photo transformations.",data\raw\frames\frame_video_-CrwkcKs_40_unknown_website_003_00.jpg,
Q_Ek4rWXKyo,https://www.youtube.com/watch?v=Q_Ek4rWXKyo,Why do websites do this?,11/19/2024,No website,Simplifies online recipes by removing clutter and providing adjustable servings,"By copying the URL of a recipe and pasting it into this website's 'Import new recipe' feature, users get a clean version of the recipe without extra paragraphs. It allows increasing servings with automatic ingredient updates, marking off ingredients as obtained, and following step-by-step instructions interactively.",data\raw\frames\frame_video_Q_Ek4rWXKyo_not explicitly named_001.jpg,
FBRjNpJK-7g,https://www.youtube.com/watch?v=FBRjNpJK-7g,Should we be worried?,11/11/2024,hailuoai.video,Generate realistic AI videos from text prompts or uploaded images,"Allows users to type in prompts like 'a turkey walking down Miami beach' to create highly realistic videos; supports uploading images to create complex scenes, such as combining separate pictures to interact realistically, demonstrating advanced AI video synthesis capabilities.",data\raw\frames\frame_video_FBRjNpJK-7g_unnamed ai video generation website_000.jpg,
ZZhL7IsdyFc,https://www.youtube.com/watch?v=ZZhL7IsdyFc,Should we be scared?,10/30/2024,No website,A website that finds social media information by uploading a person's photo,"The website is used as part of a facial recognition system developed by Harvard students, where a program uploads a picture of a detected face to the site to find other images of that person from their social media profiles. This helps identify the person by name, enabling further searches through online articles and databases to gather more information, which is then relayed back to an app on a phone for real-time identification.",data\raw\frames\frame_video_ZZhL7IsdyFc_unknown_website_000_00.jpg,
iv2hKf41J1I,https://www.youtube.com/watch?v=iv2hKf41J1I,Create your own fantasy world,10/22/2024,dungeonscrawl.com,Create your own fantasy maps,Unable to extract detailed information from transcript,,
qGBeFJFMsOg,https://www.youtube.com/watch?v=qGBeFJFMsOg,Should we be worried about this?,10/14/2024,fal.ai (flux ai generator),AI tool to generate highly realistic images from text prompts,The latest version creates pictures almost indistinguishable from real life; supports adding specific file types after prompts to make images look like actual camera photos; excels at accurately adding text within images.,data\raw\frames\frame_video_qGBeFJFMsOg_flux ai generator_000.jpg,
aJIpFTaLu0c,https://www.youtube.com/watch?v=aJIpFTaLu0c,This Helped Me So Much!,10/7/2024,entertained.app,Read public domain books while practicing typing,"The speaker describes a website where you can select public domain books like Dracula, read along, and practice typing simultaneously, with features that track your words per minute and accuracy.",data\raw\frames\frame_video_aJIpFTaLu0c_not explicitly mentioned_000.jpg,
lz049zRFhw0,https://www.youtube.com/watch?v=lz049zRFhw0,Your Information On The Dark Web,9/30/2024,google.com,Check if your personal information has been leaked on the Dark web,"Within your Google Account, under the Security tab, you can enable the Dark web report to see if your personal data like phone number or Social Security number has appeared in data breaches, view specific breach details, and get recommended protection steps.",data\raw\frames\frame_video_lz049zRFhw0_google account_000.jpg,
ktALNFcrKgg,https://www.youtube.com/watch?v=ktALNFcrKgg,Trick Everyone You Know,9/24/2024,vidwud.com,"Create face swap videos, GIFs, and photos easily online","Vidwud.com offers free, fun picture tools including video face swaps where users can upload a video or GIF and a photo to swap faces seamlessly. It supports face swaps on videos, GIFs, and regular photos, allowing users to create humorous or creative content such as swapping their face onto a video of Captain America or placing themselves in photos with celebrities or artworks.",data\raw\frames\frame_video_ktALNFcrKgg_unknown_website_006_00.jpg,
NlmLVVpRFrI,https://www.youtube.com/watch?v=NlmLVVpRFrI,No More Secrets With This,9/16/2024,readtheirlips.com,Transcribes speech from video by analyzing lip movements using AI,"readtheirlips.com allows users to upload a video, then uses AI to analyze the speaker's lip movements and convert them into text, effectively transcribing what the person is saying without audio.",data\raw\frames\frame_video_NlmLVVpRFrI_unknown_website_007_00.jpg,
tJOFBfoLanw,https://www.youtube.com/watch?v=tJOFBfoLanw,Rip My Bank Account,9/9/2024,shopyourtv.com,Find and buy outfits from TV shows and characters,"Shopyourtv.com allows users to search for TV shows or characters to discover the outfits featured on them. The website displays various clothing items worn by different characters in the selected show and provides information on where to purchase those items. It helps viewers easily identify and shop for fashion seen on TV, although availability may vary as some items can be sold out.",data\raw\frames\frame_video_tJOFBfoLanw_unknown_website_007_00.jpg,
2LMHmrF5EC8,https://www.youtube.com/watch?v=2LMHmrF5EC8,Don't Tell Your Teachers,9/2/2024,tree-of-knowledge.org,Build a knowledge tree for any topic with subtopics and detailed info,"By typing in any topic, the website creates a tree of knowledge starting from the main topic and branching into subtopics, providing comprehensive information on each.",data\raw\frames\frame_video_2LMHmrF5EC8_not specified (knowledge tree website)_002.jpg,
ZBiqap-xVzc,https://www.youtube.com/watch?v=ZBiqap-xVzc,I Wish I Knew About This Sooner,8/25/2024,startmycar.com,Find information about your car,Unable to extract detailed information from transcript,data\raw\frames\frame_video_ZBiqap-xVzc_unknown_website_004_00.jpg,
7ohof4HzpaE,https://www.youtube.com/watch?v=7ohof4HzpaE,A Powerful Website You Need To Know!,8/21/2024,scribehow.com,Create step-by-step guides with screenshots for tasks,"Scribehow.com offers a Chrome extension and desktop app that lets you capture your screen while performing a task, then automatically generates an editable step-by-step guide with screenshots that you can share directly with your team, making it easy to show coworkers how to do something without repeating yourself.",data\raw\frames\frame_video_7ohof4HzpaE_scribehow_com_000.jpg,
bJTM7Cng-og,https://www.youtube.com/watch?v=bJTM7Cng-og,No one Know About This,8/18/2024,emupedia.net,Access various applications and games from a single site,"By searching 'Website Secure Boredom Part 29' on Google and clicking the first link, you can use a collection of awesome applications and games, including a free code editor called Got Worms and the game Red Alert 2.",data\raw\frames\frame_video_bJTM7Cng-og_website secure boredom_000.jpg,
UyMNxDAiZDE,https://www.youtube.com/watch?v=UyMNxDAiZDE,This CMD Prompt Trick is Insane,8/11/2024,No website,Find to find and update all applications on your pc,Unable to extract detailed information from transcript,,
UFrLxN50dbQ,https://www.youtube.com/watch?v=UFrLxN50dbQ,This is Scary!,8/4/2024,klingai.com,Generate short videos from text prompts or uploaded images,"Klingai.com offers a text-to-video generator that allows users to create short 5 to 10 second video clips by typing any prompt, such as 'a gorilla walking down the runway at a fashion show.' Additionally, users can upload an image, like Picasso's Mona Lisa, and then input a prompt to animate the picture into a video, for example, making the woman in the image put on sunglasses. This functionality enables creative and personalized video generation from both text and images.",data\raw\frames\frame_video_UFrLxN50dbQ_unknown_website_004_00.jpg,
Y9Wz426MDn0,https://www.youtube.com/watch?v=Y9Wz426MDn0,I Was Today Years Old When I Learned,7/28/2024,No website,Generate AI art on Fire TV using voice commands,"This tool allows Fire TV or Fire Stick users to create AI-generated artwork directly on their TV by holding down the blue button on the remote and describing the desired image. The system then generates four pictures based on the user's prompt, which can be saved to a collection and set as the TV's background. This feature provides a unique and interactive way to create and display custom art using just the TV remote.",data\raw\frames\frame_video_Y9Wz426MDn0_unknown_website_001_00.jpg,
Nh9tf2glkYc,https://www.youtube.com/watch?v=Nh9tf2glkYc,Cure Your Boredom With This,7/21/2024,secure boredom,Interactive bookmarklet that lets you fly a ship and remove elements on any website for points,"By dragging a button from Secure Boredom to your bookmarks bar, you can activate a tiny ship overlay on any website. Flying the ship and pressing spacebar removes elements on the page, earning points without permanently altering the site. You can switch between community-created ships using a button, and refreshing the page restores the original content.",data\raw\frames\frame_video_Nh9tf2glkYc_secure boredom_001.jpg,
osBSvmM7-bs,https://www.youtube.com/watch?v=osBSvmM7-bs,Do This Before Buying On Amazon,7/16/2024,keepa.com,Check amazon item price history,Unable to extract detailed information from transcript,data\raw\frames\frame_video_osBSvmM7-bs_unknown_website_003_00.jpg,
itit7KQfKxo,https://www.youtube.com/watch?v=itit7KQfKxo,Don't Tell Your Friends About This!,7/14/2024,geekprank.com,Create prank screens and fake app screenshots for fun,"Geekprank.com offers various prank screens that simulate hacking or computer access scenes, allowing users to type randomly on a keyboard to mimic movie-style hacking. It also lets users create fake screenshots for different applications by typing custom messages and choosing whether the message appears as sent or received, making it a fun tool to prank others on their computers.",data\raw\frames\frame_video_itit7KQfKxo_unknown_website_004_00.jpg,
zw7PJ34sSPA,https://www.youtube.com/watch?v=zw7PJ34sSPA,Create a Game or Website In Seconds,7/7/2024,websim.ai,Provides a database of anime character mugshots,"The speaker mentions using this website to access a collection of anime character mugshots, implying it serves as a resource for anime images or references.",data\raw\frames\frame_video_zw7PJ34sSPA_anime mugshots_com_000.jpg,
OrETtcuuMpE,https://www.youtube.com/watch?v=OrETtcuuMpE,We Have Been Lied To,6/30/2024,thetruesize.com,Find the true size of different countries around the world,"The speaker describes a website where you can type in a country name to see its actual size compared to others, demonstrating how common world maps distort country sizes, such as Greenland appearing large but actually being smaller than it looks when compared to Europe or Africa.",data\raw\frames\frame_video_OrETtcuuMpE_not explicitly mentioned_000.jpg,
ZwCBYEtKU3A,https://www.youtube.com/watch?v=ZwCBYEtKU3A,Don't Do This To Your Friends,6/23/2024,nCage+ chrome extension,Pranks your friends by randomly replacing images in browser with Nicholas Cage,Unable to extract detailed information from transcript,data\raw\frames\frame_video_ZwCBYEtKU3A_unknown_website_003_00.jpg,
PrpN7JIpYJI,https://www.youtube.com/watch?v=PrpN7JIpYJI,Should We Be Worried About This?,6/16/2024,lumalabs.ai/dream-machine,Create AI videos from text,Unable to extract detailed information from transcript,data\raw\frames\frame_video_PrpN7JIpYJI_unknown_website_001_02.jpg,
xOc_oX6a36w,https://www.youtube.com/watch?v=xOc_oX6a36w,Free Online Tools You Need To Know,6/9/2024,photopea.com,Free online Photoshop-like image editor,Photopea.com is described as a free online version of Photoshop that allows users to open various image files or regular pictures and use a full set of editing tools available on the side to easily edit images directly in the browser.,data\raw\frames\frame_video_xOc_oX6a36w_unknown_website_005_00.jpg,
ekyCz1Yrf-Y,https://www.youtube.com/watch?v=ekyCz1Yrf-Y,Find The Best Video Game Deals,6/2/2024,gg.deals,Find the best current deals on video games and compare prices,"The website allows you to search for a specific game, like 'minicraft', and shows all the places where you can buy it along with their prices, helping you get the best deal possible.",data\raw\frames\frame_video_ekyCz1Yrf-Y_unknown (not specified in transcript)_000.jpg,
SVFUz6RQclc,https://www.youtube.com/watch?v=SVFUz6RQclc,Turn Your Photos Into 3D Images,5/26/2024,leiapix.com,Create 3D depth maps and animations from images,"LeiaPix.com allows users to upload an image and automatically generates a depth map, giving the image a 3D effect. Users can customize the animation style, such as zooming, and export the result as a video. This makes static images appear dynamic and three-dimensional, enhancing visual presentation.",data\raw\frames\frame_video_SVFUz6RQclc_unknown_website_004_00.jpg,
CxiVL4qqkBw,https://www.youtube.com/watch?v=CxiVL4qqkBw,Don't Tell My Boss 🤫,5/19/2024,whitescreen.online,Create realistic fake update screens for pranks,"Whitescreen.online provides prank screens that simulate computer update processes. Users can select their operating system, such as Windows 10, and customize the update time duration. When put in full screen, it looks like the computer is genuinely running an update, allowing the user to take a break while others believe the update is in progress.",data\raw\frames\frame_video_CxiVL4qqkBw_unknown_website_003_00.jpg,
8D_g_o9byLQ,https://www.youtube.com/watch?v=8D_g_o9byLQ,Find Someone's Location,5/12/2024,geospy.ai,Identify a picture's location by uploading the image,"Geospy.ai allows users to upload a photo and then provides the country, state, city, a description of the photo, and geographic coordinates. It can estimate the location of an image even if the exact spot is not known, offering a close approximation within about 20 miles. The speaker demonstrates using it with personal photos and random screenshots from Google Maps, highlighting its usefulness for location guessing games like Geoguessr.",data\raw\frames\frame_video_8D_g_o9byLQ_unknown_website_008_00.jpg,
lm5fwepJpbY,https://www.youtube.com/watch?v=lm5fwepJpbY,Animate Your Terrible Drawings!,5/5/2024,sketch.metademolab.com,Animate drawings by uploading and adjusting motion points,"The website allows users to upload a picture of a drawing, which it then analyzes to identify key points. Users can adjust these points to correct their positions, enabling the drawing to be animated using preset motions such as running or boxing. This functionality helps bring static drawings to life by applying motion animations interactively.",data\raw\frames\frame_video_lm5fwepJpbY_unknown_website_003_00.jpg,
2qTIoRR854U,https://www.youtube.com/watch?v=2qTIoRR854U,I Guarantee You Didn't Know This!,4/28/2024,google.com/search?q=hugging+face+qr+code+generator,Generate custom QR codes from URLs using AI-generated images,"The website allows users to create visually appealing QR codes by pasting a URL and describing the desired appearance with a text prompt. After entering the URL and a description (e.g., 'a beautiful cityscape with green shrubs and brown roofs'), the site generates a usable QR code that incorporates the AI-generated image based on the prompt. The QR code can be scanned with a phone camera to directly access the entered website, combining functionality with customized aesthetics.",data\raw\frames\frame_video_2qTIoRR854U_unknown_website_004_00.jpg,
yuhUwdzjlNE,https://www.youtube.com/watch?v=yuhUwdzjlNE,Google Secrets I Guarantee You Didn't Know!,4/21/2024,google.com,Combine two emojis into one using Google's emoji mashup tool,"Searching for a particular term on Google lets you access a tool that merges two emojis into a new combined emoji, allowing creative combinations like a cowboy hat with a sunrise or football.",data\raw\frames\frame_video_yuhUwdzjlNE_google_com_002.jpg,
3gLwyqJgbes,https://www.youtube.com/watch?v=3gLwyqJgbes,Play Unblocked Games at School or Work,4/14/2024,artclass.site,Access unblocked games at school or work,"By typing 'homework.artclass.site' in a browser, users can launch an about:blank page that disguises the site, allowing access to various unblocked games like Minecraft, Super Mario 64, and Slope.",data\raw\frames\frame_video_3gLwyqJgbes_artclass_site_002.jpg,
zHrT4X8FNhI,https://www.youtube.com/watch?v=zHrT4X8FNhI,This Cured My Boredom,4/8/2024,google earth,Flight simulator built into Google Earth Pro desktop application,"By launching Google Earth Pro on desktop and pressing control + alt + A, you can access a flight simulator where you choose your airplane and airport to fly from, allowing for an interactive flying experience within the app.",data\raw\frames\frame_video_zHrT4X8FNhI_google earth_002.jpg,
BVTJliBUS-Y,https://www.youtube.com/watch?v=BVTJliBUS-Y,The Most Useful Computer Trick Ever,4/1/2024,ismycomputeron.com,Check if your computer is turned on,"After opening Firefox, go to the URL bar and type ismycomputeron.com to verify if your computer is on.",data\raw\frames\frame_video_BVTJliBUS-Y_ismycomputeron_com_000.jpg,
yEBgiITK28k,https://www.youtube.com/watch?v=yEBgiITK28k,The Most Useful Ai Tools,3/25/2024,huggingface.co,Discover and experiment with various AI tools including image generation and logo integration,"The speaker describes a website with a 'spaces' section offering AI tools like 'instant ID' which creates images by combining an uploaded face, a reference pose, and a text prompt, and 'illusion diffusion' which generates images integrating uploaded logos with user prompts, demonstrating creative AI image generation capabilities.",data\raw\frames\frame_video_yEBgiITK28k_not explicitly mentioned_000.jpg,
IzeiBb_9B9U,https://www.youtube.com/watch?v=IzeiBb_9B9U,Find Celebrities Near You,3/21/2024,tjukanovt.github.io/notable-people,Find notable people from any place in the world on an interactive map,"By searching a specific phrase on Google and clicking the first link, you access a map that shows the most notable person from every location worldwide, allowing you to explore famous individuals by region, such as Taylor Swift in Pennsylvania or Einstein in Germany.",data\raw\frames\frame_video_IzeiBb_9B9U_not explicitly named (implied google search leading to a notable people map)_002.jpg,
u9N5ObU45Bk,https://www.youtube.com/watch?v=u9N5ObU45Bk,This Website Saved Me,3/12/2024,carcarekiosk.com,Provides step-by-step car maintenance videos and parts info,"Carcarekiosk.com allows users to select their car make and model, such as a Toyota Tacoma, and access numerous maintenance guides specific to their vehicle. It offers step-by-step videos for various repairs, like replacing a brake light, along with information on the parts needed, making it a helpful resource for DIY car maintenance.",data\raw\frames\frame_video_u9N5ObU45Bk_unknown_website_004_00.jpg,
pEnJK_UKEcQ,https://www.youtube.com/watch?v=pEnJK_UKEcQ,Create A Game or Website With a Drawing,3/6/2024,sketch2app.io,"Generate apps, games, and websites from hand-drawn sketches","Sketch2app.io allows users to create apps, games, and websites by drawing a sketch and capturing it via webcam. The website then generates the project based on the drawing. Users can test the generated game and if there are issues, such as game logic not working correctly, they can specify fixes at the bottom of the interface and regenerate the project to improve functionality.",data\raw\frames\frame_video_pEnJK_UKEcQ_unknown_website_002_00.jpg,
ySzjCbgbJek,https://www.youtube.com/watch?v=ySzjCbgbJek,Create A Comic Based On Your Life!,2/28/2024,huggingface.co/spaces/jbilcke-hf/ai-comic-factory,Create AI comics,Unable to extract detailed information from transcript,data\raw\frames\frame_video_ySzjCbgbJek_unknown_website_003_02.jpg,
B4pIbpbFJwo,https://www.youtube.com/watch?v=B4pIbpbFJwo,I Was Today Years Old When,2/22/2024,google maps,Report and request blurring of personal or inappropriate images in Street View,"Users can click the three dots in Street View, select 'report a problem,' drag a red box over the area they want removed, specify the issue, and request Google Maps to blur out personal property such as houses, cars, or faces.",data\raw\frames\frame_video_B4pIbpbFJwo_google maps_001.jpg,
Iz-5s36TmJg,https://www.youtube.com/watch?v=Iz-5s36TmJg,How To Create The Best Videos,2/13/2024,eyecannndy.com,Library of categorized video effects with examples and names,"Eyecanndy.com provides a large, searchable library of video techniques, each accompanied by a GIF demonstrating the effect and detailed information including the technique's name. This allows users to identify specific video effects seen in clips and then easily find tutorials on how to recreate them by searching the technique name on YouTube.",data\raw\frames\frame_video_Iz-5s36TmJg_unknown_website_009_00.jpg,
aKYsGuSoSKE,https://www.youtube.com/watch?v=aKYsGuSoSKE,I Hate When Websites Do This!,2/9/2024,cooked.wiki,Provides concise recipes by removing extra website content,"By modifying the URL of a recipe website to include 'cooked wiki/' before the HTTPs, you can strip away unnecessary content and get a clean, straightforward recipe with just the directions.",data\raw\frames\frame_video_aKYsGuSoSKE_cooked_wiki_000.jpg,
xBqPQ9Gn4y8,https://www.youtube.com/watch?v=xBqPQ9Gn4y8,A Powerful Website I Guarantee You Didn't Know,2/5/2024,radio.garden,Listen to radio stations worldwide via an interactive map,"Radio.garden allows users to listen to radio stations from around the world on their computer by scrolling across an interactive globe. Each green dot on the map represents a different radio station, enabling easy exploration and listening to diverse global broadcasts.",data\raw\frames\frame_video_xBqPQ9Gn4y8_unknown_website_004_00.jpg,
jm-d8WMWQvA,https://www.youtube.com/watch?v=jm-d8WMWQvA,Why You Shouldn't Trust Screenshots...,1/28/2024,fakedetail.com,Create fake text messages or social media posts for demonstration,"Allows you to select message types like Facebook chat, customize sender and message content, preview live, and download realistic-looking fake messages that appear authentic on your phone.",data\raw\frames\frame_video_jm-d8WMWQvA_unspecified website for creating fake messages_000.jpg,
JQjzhbyTBQE,https://www.youtube.com/watch?v=JQjzhbyTBQE,Create an Entire Video with ChatGPT? #invideoAiPartner,1/25/2024,chat.openai.com,Create videos using AI prompts and explore GPT-powered tools,"By accessing ChatGPT, especially with the Plus plan, users can explore the GPT store and find tools like Nvidia AI's Video Maker to generate detailed video content from text prompts.",data\raw\frames\frame_video_JQjzhbyTBQE_chat_openai_com_000.jpg,
JQjzhbyTBQE,https://www.youtube.com/watch?v=JQjzhbyTBQE,Create an Entire Video with ChatGPT? #invideoAiPartner,1/25/2024,invideo.io,Preview and edit AI-generated videos with free and paid plans,"Signing up for a free InVideo account allows users to preview videos generated by Nvidia AI's Video Maker, make edits via a command box, and upgrade to paid plans starting at $20/month to remove watermarks and access more features.",data\raw\frames\frame_video_JQjzhbyTBQE_invideo_io_001.jpg,
UWNOcFwrn1w,https://www.youtube.com/watch?v=UWNOcFwrn1w,Amazon Doesn't Tell You This!,1/15/2024,fakespot.com,Analyze and filter out fake and unnatural Amazon product reviews,"You can paste the URL of an Amazon product into Fakespot's text box and run a report that removes fake and unnatural reviews, providing a new, more accurate rating along with a detailed report card explaining why certain reviews were removed.",data\raw\frames\frame_video_UWNOcFwrn1w_fakespot_com_001.jpg,
2ax2jMzsIzM,https://www.youtube.com/watch?v=2ax2jMzsIzM,This Is Why You Can't Find A Job,1/11/2024,jobscan.co,Resume keyword scanner to match your resume with job descriptions,"The speaker suggests using a website where you can upload or paste your resume and then paste the job description to scan for keyword matches, revealing your match rate and missing keywords to improve your resume's chances of passing automated screening.",data\raw\frames\frame_video_2ax2jMzsIzM_not explicitly named in the transcript_000.jpg,
q9mgX-nYqFU,https://www.youtube.com/watch?v=q9mgX-nYqFU,ChatGPT on Your Phone?,1/5/2024,copilot app,Use GPT-4 and generate AI images on your phone for free,"The Copilot app allows you to access GPT-4 capabilities without paying, enabling tasks like writing cover letter templates and generating images using DALL·E 3. You can create multiple image variations, upload your own photos, and have the app generate logos or artwork in the style of uploaded images, with options to add custom text.",data\raw\frames\frame_video_q9mgX-nYqFU_copilot app_001.jpg,
ddA5O-pQQS0,https://www.youtube.com/watch?v=ddA5O-pQQS0,Don't Get Caught Doing This!,12/28/2023,No website,Uncensor a screenshot,Processing status: vision_done,,
lxJYBCaW97A,https://www.youtube.com/watch?v=lxJYBCaW97A,The Most Frustrating Game Ever,12/20/2023,neal.fun/password-game/,Play a challenging and infuriating password creation game,"neal.fun/password-game/ is an interactive website where users must create passwords that satisfy increasingly complex and specific rules, such as including certain letters, numbers, sums of digits, months, sponsor names, or today's Wordle answer. The game progressively adds constraints, making it difficult and frustrating, providing an engaging challenge for users who enjoy puzzle-like tasks. The speaker highlights the game's difficulty and the fun in trying to meet all the evolving password requirements.",data\raw\frames\frame_video_lxJYBCaW97A_unknown_website_003_00.jpg,
l7z_O--N4VE,https://www.youtube.com/watch?v=l7z_O--N4VE,Will My Boss Get Mad at Me For This?,12/10/2023,No website,Open up excel workbook when boss/coworker enters room,Website reference detected but specific details not available from transcript,data\raw\frames\frame_video_l7z_O--N4VE_unknown_website_002_00.jpg,
IbfibAc9FDA,https://www.youtube.com/watch?v=IbfibAc9FDA,How Does This Even Work!?,12/6/2023,krea.ai/fun/logos,Generate AI art illusions incorporating your logo,"krea.ai/fun/logos is a tool where you can upload your own logo or select from existing ones, then enter a prompt or use a generated one to create AI-generated images that incorporate your logo into the described scene or style. It allows customization of how closely the generated images resemble your original logo by adjusting a slider for logo strength. This is useful for creating unique visual illusions or artistic renditions of logos, and can be combined with AI-generated logos from other sites to produce creative logo illusions.",data\raw\frames\frame_video_IbfibAc9FDA_unknown_website_004_00.jpg,
dPVCvNtXEbE,https://www.youtube.com/watch?v=dPVCvNtXEbE,I Never Have To Work Again,11/28/2023,No website,App to customize foot pedals for computer shortcuts and automation,"The app allows users to configure foot pedals purchased from Amazon to perform specific actions on their computer when pressed. For example, one pedal can be set to automatically unmute the microphone during meetings, while another can open an Excel workbook in full screen. This tool enhances productivity by enabling hands-free control of common tasks and quick access to applications.",data\raw\frames\frame_video_dPVCvNtXEbE_unknown_website_027_00.jpg,
CPrtb0SlNNU,https://www.youtube.com/watch?v=CPrtb0SlNNU,Why Black Friday Is A Scam,11/22/2023,keepa.com,Find price history of item to avoid Black Friday scams,Unable to extract detailed information from transcript,data\raw\frames\frame_video_CPrtb0SlNNU_unknown_website_004_01.jpg,
w9TbmvLB4uw,https://www.youtube.com/watch?v=w9TbmvLB4uw,Create Your Own Office,11/20/2023,deskspacing.com,Website mentioned: deskspacing.com,Unable to extract detailed information from transcript,data\raw\frames\frame_video_w9TbmvLB4uw_unknown_website_003_00.jpg,
w-dvHT7U8ik,https://www.youtube.com/watch?v=w-dvHT7U8ik,This Mouse Might Get Me In Trouble!,11/13/2023,amazon.com,Mouse that auto jitters to keep you active status,Website reference detected but specific details not available from transcript,data\raw\frames\frame_video_w-dvHT7U8ik_unknown_website_000_00.jpg,
YY_cgJcZkwM,https://www.youtube.com/watch?v=YY_cgJcZkwM,Why Did No One Tell Me This?,11/12/2023,No website,Fan summer/winter switch,Website reference detected but specific details not available from transcript,data\raw\frames\frame_video_YY_cgJcZkwM_unknown_website_001_00.jpg,
bNrDq3zCZMY,https://www.youtube.com/watch?v=bNrDq3zCZMY,How Do I Fix This?,11/6/2023,repairclinic.com,"Find appliance manuals, common problems, repair videos, and parts","repairclinic.com allows users to enter their appliance model number to access a list of common problems, instructional videos on how to fix those issues, the full user manual, and an option to shop for replacement parts, making appliance repair straightforward and convenient.",data\raw\frames\frame_video_bNrDq3zCZMY_unknown_website_007_00.jpg,
VcDnjOxGFAM,https://www.youtube.com/watch?v=VcDnjOxGFAM,My Boss Fired Me,10/30/2023,outlook.com,Website mentioned: outlook.com,Unable to extract detailed information from transcript,data\raw\frames\frame_video_VcDnjOxGFAM_unknown_website_001_02.jpg,
wN4n-6QA45Y,https://www.youtube.com/watch?v=wN4n-6QA45Y,Someone Stole My Identity!,10/23/2023,haveibeenpwned.com,Check if your email has been involved in data breaches,"The website allows users to enter their email address to see how many data breaches their email has been part of. It provides detailed information about each breach, including the company involved, the date of the breach, how it happened, and what personal data might have been leaked, helping users understand their exposure to data leaks.",data\raw\frames\frame_video_wN4n-6QA45Y_unknown_website_004_00.jpg,
cDau2VO83iY,https://www.youtube.com/watch?v=cDau2VO83iY,Don't Buy That! Use This!,10/16/2023,microsoft365.com,"Free online versions of Word, Excel, PowerPoint, and Outlook","By pressing Ctrl + Shift + Windows + Alt, you can open the Microsoft 365 website and sign up for the free version, allowing access to free online Office apps without paying.",data\raw\frames\frame_video_cDau2VO83iY_microsoft 365_002.jpg,
5TXjZD6QYi4,https://www.youtube.com/watch?v=5TXjZD6QYi4,Did you know about this PC Trick?,10/8/2023,No website,Windows network settings tool to view saved Wi-Fi passwords,"The tool accessed by typing 'NCPA.CPL' in the Windows Run dialog opens the Network Connections panel. From there, you can double-click your Wi-Fi connection, go to Wireless Properties, then the Security tab, and check 'Show Characters' to reveal the saved Wi-Fi password. This is a built-in Windows utility that helps users retrieve forgotten Wi-Fi passwords without needing third-party software.",data\raw\frames\frame_video_5TXjZD6QYi4_unknown_website_009_00.jpg,
yxZ46D7xTwk,https://www.youtube.com/watch?v=yxZ46D7xTwk,Someone Was Spying On Me!,10/1/2023,No website,Fake wall charger hidden camera,Website reference detected but specific details not available from transcript,data\raw\frames\frame_video_yxZ46D7xTwk_unknown_website_005_00.jpg,
3scC9dza0Xc,https://www.youtube.com/watch?v=3scC9dza0Xc,Your Internet History Isn't Deleted!,9/24/2023,No website,Permanantly delete browser data,Unable to extract detailed information from transcript,data\raw\frames\frame_video_3scC9dza0Xc_unknown_website_001_02.jpg,
HFaXYQXKsKI,https://www.youtube.com/watch?v=HFaXYQXKsKI,How I Became The Best Artist,9/16/2023,nvidia.com/en-us/studio/canvas/,Turn rough sketches into realistic landscape images,"The website offers an app that transforms simple, bad drawings into amazing landscapes by allowing users to select materials like hills and clouds, draw on a canvas, and see real-time updates on the output side. Users can also change styles and variations to customize the final image, making it easy to create realistic landscape art from basic sketches.",data\raw\frames\frame_video_HFaXYQXKsKI_unknown_website_004_00.jpg,
XGoh89rhCdE,https://www.youtube.com/watch?v=XGoh89rhCdE,I Just Learned This Today,9/9/2023,No website,Set gas prepaid amount without going inside,Website reference detected but specific details not available from transcript,data\raw\frames\frame_video_XGoh89rhCdE_unknown_website_001_00.jpg,
84JpK_Gfj9I,https://www.youtube.com/watch?v=84JpK_Gfj9I,PC Shortcut Teacher's Don't Want You To Know!,9/2/2023,No tips found,Setup second desktop view,Processing status: vision_done,,
0jHctusPrj0,https://www.youtube.com/watch?v=0jHctusPrj0,Powerful Websites You Should Know!,8/26/2023,photoeditor.ai,Remove unwanted objects from photos by coloring over them,"photoeditor.ai allows users to upload any photo and use their mouse to color over unwanted parts of the image to remove them. After coloring in the areas to be removed, the user simply releases the mouse, and the website processes the photo to eliminate those unwanted elements, improving the image quickly and easily.",data\raw\frames\frame_video_0jHctusPrj0_unknown_website_004_00.jpg,
AzHWPq-TFF8,https://www.youtube.com/watch?v=AzHWPq-TFF8,Computer Trick I Guarantee You Didn't Know!,8/19/2023,bing.com/chat,Generate and modify images using AI based on uploaded pictures,"The website allows users to upload an image and then use AI to create new images inspired by the uploaded one. For example, uploading a picture of C3PO and requesting the creation of logos for a mechanic shop in that style results in multiple generated logo options. Users can further customize these images, such as making them 3D or applying other modifications, providing a creative and interactive image generation experience.",data\raw\frames\frame_video_AzHWPq-TFF8_unknown_website_003_00.jpg,
3nS2JaAsMEI,https://www.youtube.com/watch?v=3nS2JaAsMEI,Free Courses for AI,8/12/2023,cloudskillsboost.google/journeys/118,Access free AI courses to start learning and mastering AI skills,"The website offers 10 free courses focused on AI, including introductory classes like Generative AI Fundamentals and how AI creates images. Users can select any course to begin their AI learning journey, with the goal of eventually applying AI models in their own applications.",data\raw\frames\frame_video_3nS2JaAsMEI_unknown_website_005_00.jpg,
oXhHWnO3wL8,https://www.youtube.com/watch?v=oXhHWnO3wL8,Create 3D Characters From Pictures,8/5/2023,midjourney.com,AI art generator that creates images from text prompts,"Used to create unique images like a Renaissance-era human Mario, which can then be uploaded to another site to generate 3D models.",data\raw\frames\frame_video_oXhHWnO3wL8_midjourney_com_001.jpg,
5uDtPA7APwo,https://www.youtube.com/watch?v=5uDtPA7APwo,Play Forgotten Flash Games,7/29/2023,bluemaxima.org/flashpoint/,Play thousands of archived Flash games after Flash ended,"The website bluemaxima.org/flashpoint/ offers an app that allows users to play thousands of Flash games that were forgotten and became inaccessible after the end of Flash support. It serves as a preservation tool for Flash games, enabling users to enjoy these games despite the discontinuation of Flash technology.",data\raw\frames\frame_video_5uDtPA7APwo_unknown_website_004_00.jpg,
Iqnd16MPTH8,https://www.youtube.com/watch?v=Iqnd16MPTH8,Why Doesn't Netflix Tell You This?,7/21/2023,netflix.com,Improve netflix audio,Website reference detected but specific details not available from transcript,data\raw\frames\frame_video_Iqnd16MPTH8_unknown_website_002_00.jpg,
oOgTOFz5acE,https://www.youtube.com/watch?v=oOgTOFz5acE,This Could Fix Your Computer!,7/14/2023,No website,Unfreeze your black screened PC,Website reference detected but specific details not available from transcript,data\raw\frames\frame_video_oOgTOFz5acE_unknown_website_000.jpg,
7Ys8gu9Pny0,https://www.youtube.com/watch?v=7Ys8gu9Pny0,Online Shopping Secret,7/7/2023,amazon.com,Find overstocked brand new items at discounted prices,"By navigating to the dropdown menu on Amazon's main site, scrolling to 'Programs and Features,' selecting 'See All,' and then clicking on 'Amazon Outlet,' you can access a section with many overstocked new items offered at significant discounts compared to other retailers like Walmart.",data\raw\frames\frame_video_7Ys8gu9Pny0_amazon_com_002.jpg,
XqQwXlIPhsw,https://www.youtube.com/watch?v=XqQwXlIPhsw,The Future of Movies,6/30/2023,app.runwayml.com,AI tools for video style transfer and text-to-video generation,"The speaker describes a website offering AI tools like Gen1 for uploading a short video clip and applying a chosen style or custom style prompt to create a new styled video, and Gen2 for generating short video clips from text prompts, such as an aerial drone shot of a volcano.",data\raw\frames\frame_video_XqQwXlIPhsw_not explicitly mentioned_000.jpg,
Qdh6bjACFZo,https://www.youtube.com/watch?v=Qdh6bjACFZo,I Shouldn't Show You This,6/23/2023,gamma.app,Create AI-generated presentations quickly and easily,"Gamma.app allows users to create presentations by selecting the type of content they want to create and entering a topic. The website then generates an editable outline and, upon continuation, offers design options. The AI live generates a complete presentation based on the chosen design, making the process simple and efficient.",data\raw\frames\frame_video_Qdh6bjACFZo_unknown_website_004_00.jpg,
#NAME?,https://www.youtube.com/watch?v=-FlpIJqD8do,Will I Get Fired For This?,6/17/2023,No website,Simulates mouse movement to keep your computer active,"The mouse jiggler is a device that you plug into your USB port and activate by pressing and holding a button. It automatically moves your mouse cursor to simulate activity on your computer, preventing it from going idle or showing inactivity. This tool is useful for users who want to appear active on their computer, especially to avoid detection by managers or monitoring software.",data\raw\frames\frame_video_-FlpIJqD8do_unknown_website_007_00.jpg,
iJH9JOak8_o,https://www.youtube.com/watch?v=iJH9JOak8_o,How to get Secret Rewards,6/9/2023,No website,Use loyalty number for reward at the pump,Website reference detected but specific details not available from transcript,data\raw\frames\frame_video_iJH9JOak8_o_unknown_website_001_00.jpg,
PtuP3-DS8KA,https://www.youtube.com/watch?v=PtuP3-DS8KA,I Found a Free Video Editor,6/2/2023,vidmix.app,Free video editor,Error: No transcript available from AssemblyAI,,
TT9DaBUZY3k,https://www.youtube.com/watch?v=TT9DaBUZY3k,Will This Make Us Lazy?,5/26/2023,gmail.com,Generates email templates based on user prompts within Gmail,"This tool is integrated into Gmail and helps users compose emails by generating template text based on a brief description of what the user wants to say. By clicking on a magic pen icon at the bottom of the email draft, users can type a prompt like 'I want to ask for a raise for my boss,' and the tool will create a complete email template that can be directly inserted. It also offers options to formalize, elaborate, or shorten the generated email, making it easier and faster to write professional or customized emails.",data\raw\frames\frame_video_TT9DaBUZY3k_unknown_website_007_00.jpg,
eHJbu6xangc,https://www.youtube.com/watch?v=eHJbu6xangc,Convert Text to a Song?,5/19/2023,aitestkitchen.withgoogle.com,Generate music tracks from text descriptions using AI,"Allows users to describe the type of music they want, such as a classical song in the style of a Mario game with specific instruments, and the AI generates matching tracks.",data\raw\frames\frame_video_eHJbu6xangc_google's text to music experiment_001.jpg,
u1KRfNsKoO8,https://www.youtube.com/watch?v=u1KRfNsKoO8,Don't Tell YouTube!,5/11/2023,No website,Play youtube video while iPhone locked,Website reference detected but specific details not available from transcript,data\raw\frames\frame_video_u1KRfNsKoO8_unknown_website_014_00.jpg,
4XIZ6KoRWr4,https://www.youtube.com/watch?v=4XIZ6KoRWr4,Genius or Creepy?,5/4/2023,www.nvidia.com,Download Nvidia app to keep eyes focused on camera during webcam use,"The website www.nvidia.com provides access to an Nvidia app that forces your eyes to look directly at the camera while using your webcam. This app ensures that even if you are reading a script or looking away, your eyes appear to be staring into the camera, which is ideal for maintaining eye contact during Zoom meetings.",data\raw\frames\frame_video_4XIZ6KoRWr4_unknown_website_004_00.jpg,
BO3dr0MAQpw,https://www.youtube.com/watch?v=BO3dr0MAQpw,Control Your PC with a Phone?,4/24/2023,remotedesktop.google.com,Remote access PC from phone,Processing status: vision_done,,
hfQvaNDntoc,https://www.youtube.com/watch?v=hfQvaNDntoc,Is Someone Spying on Your Google Account?,4/19/2023,myaccount.google.com,Check recent activity and devices signed into your Google account,"Visit the Security tab to review recent account activity, find lost devices linked to your account, and view all devices currently signed in; you can sign out of any unrecognized devices for security.",data\raw\frames\frame_video_hfQvaNDntoc_myaccount_google_com_002.jpg,
1JpGnZH7PZg,https://www.youtube.com/watch?v=1JpGnZH7PZg,"Don't Buy Premiere Pro, Use This!",4/14/2023,blackmagicdesign.com,Free video editing software with professional effects and tools,"Recommended as a cost-effective alternative to Adobe Premiere Pro, Davinci Resolve offers all the necessary effects and tools to create high-quality videos, suitable for aspiring creators like MrBeast.",data\raw\frames\frame_video_1JpGnZH7PZg_davinci resolve_001.jpg,
wVFJIsWFSig,https://www.youtube.com/watch?v=wVFJIsWFSig,Launch An Asteroid At Your City,4/10/2023,neal.fun/asteroid-launcher,Launch asteroids anywhere on a map for interactive fun,"Allows users to select locations on a map, choose asteroid types, adjust speed, and launch asteroids to see the impact visually.",data\raw\frames\frame_video_wVFJIsWFSig_website secure boredom part 76_002.jpg,
fNEQBFtkS-Y,https://www.youtube.com/watch?v=fNEQBFtkS-Y,Use ChatGPT To Get Any Job,4/5/2023,https://chat.openai.com,Generate customized cover letters from job descriptions,"The website https://chat.openai.com allows users to input job descriptions and receive AI-generated cover letters tailored to those jobs, which users can then edit and personalize. This functionality helps job seekers efficiently create professional cover letters by leveraging AI to draft initial versions based on the specific job requirements.",data\raw\frames\frame_video_fNEQBFtkS-Y_unknown_website_015_01.jpg,
P1rCD_9H6DU,https://www.youtube.com/watch?v=P1rCD_9H6DU,A Computer Tip You Need to Know!,4/1/2023,ismycomputeron.com,Check if your computer is currently on or off,"This website helps you determine whether your computer is powered on or off by providing a simple status check, useful when you're unsure about your computer's power state.",data\raw\frames\frame_video_P1rCD_9H6DU_ismycomputeron_com_000.jpg,
1s_1_PMxkso,https://www.youtube.com/watch?v=1s_1_PMxkso,Don't Make This Mistake in Excel,3/26/2023,No tips found,Copy/paste in excel easily,Processing status: vision_done,,
XVI-e6AR5Gw,https://www.youtube.com/watch?v=XVI-e6AR5Gw,Does This Car Trick Actually Work?,3/19/2023,No website,Lock your car from farther away,Website reference detected but specific details not available from transcript,data\raw\frames\frame_video_XVI-e6AR5Gw_unknown_website_001_00.jpg,
L6sOtXggGhA,https://www.youtube.com/watch?v=L6sOtXggGhA,Hidden Computer Tool You Need,3/15/2023,aka.ms/installpowertoys,Enhances PC productivity with window management and text extraction tools,"This tool, available from the Microsoft Store, provides several productivity features for your PC. It allows you to set up zones on your monitor to organize and drag windows into specific areas easily. It includes a built-in color picker for quickly selecting colors from your screen. Additionally, it has a text extractor feature that lets you select text from images and automatically copies it to your clipboard, making it ready to paste elsewhere. These features help streamline multitasking and improve workflow efficiency on Windows PCs.",data\raw\frames\frame_video_L6sOtXggGhA_unknown_website_001_00.jpg,
Sm8BYyNVoZY,https://www.youtube.com/watch?v=Sm8BYyNVoZY,Don't Tell your Boss the Computer Trick,3/8/2023,fakeupdate.net,Simulates a fake OS update screen to hide procrastination,"fakeupdate.net allows users to select their operating system and displays a realistic update screen that never finishes, enabling them to appear busy while taking a break; using full screen mode enhances the illusion, making it useful for discreet procrastination at work.",data\raw\frames\frame_video_Sm8BYyNVoZY_unknown_website_001_01.jpg,
k_IMxkIklgo,https://www.youtube.com/watch?v=k_IMxkIklgo,Remember this Trick to Save Your Phone,3/5/2023,youtube.com,Remove water from iPhone speakers,Processing status: vision_done,,
yK-XZNQJpLQ,https://www.youtube.com/watch?v=yK-XZNQJpLQ,Enhance Your Audio with This!,3/3/2023,podcast.adobe.com/enhance,Enhances and improves voice recordings using AI,"The website allows users to upload audio from their videos to enhance the voice recordings by reducing echo and improving sound quality using AI technology. It is useful for improving poor audio captured in challenging environments, such as echoey rooms, making the audio clearer and more professional.",data\raw\frames\frame_video_yK-XZNQJpLQ_unknown_website_007_00.jpg,
jcH74QQ0Ccg,https://www.youtube.com/watch?v=jcH74QQ0Ccg,Turn your Phone into a Monitor!,2/27/2023,spacedesk.net,Use your phone or tablet as a second touchscreen monitor for your PC,"The website provides software for your PC that, when paired with the corresponding app on your phone or tablet, allows your mobile device to function as an additional monitor. You can drag windows from your PC to the device's display and interact with it using touchscreen capabilities, making it an easy way to extend your desktop workspace.",data\raw\frames\frame_video_jcH74QQ0Ccg_unknown_website_004_00.jpg,
KxuiJhPI8bE,https://www.youtube.com/watch?v=KxuiJhPI8bE,Remove the Background from a Gif,2/23/2023,unscreen.com,Upload videos or GIFs to remove and change their backgrounds,"The speaker describes a website where you can drag and drop videos or GIFs, such as an Iron Man gif, to remove their backgrounds and also change the background to something else. The exact website name or URL is not mentioned in the transcript.",data\raw\frames\frame_video_KxuiJhPI8bE_unspecified_000.jpg,
EQUJPYqMR5g,https://www.youtube.com/watch?v=EQUJPYqMR5g,Find Free College Classes Online,2/22/2023,edx.org,Access thousands of free courses from top universities like Harvard and MIT,"Allows users to search for courses such as computer science and enroll in them for free, providing high-quality education from prestigious institutions.",data\raw\frames\frame_video_EQUJPYqMR5g_edx_org_000.jpg,
2goGyaOz52g,https://www.youtube.com/watch?v=2goGyaOz52g,YouTube Trick You Need To Know!,2/21/2023,youtube.com,Find part of a video faster by searching youtube transcript,Processing status: vision_done,,
14P-OzCytaw,https://www.youtube.com/watch?v=14P-OzCytaw,PC Tip I Guarantee You Didn't Know!,2/16/2023,No website,Use Windows Sandbox as airgapped second pc ,Unable to extract detailed information from transcript,data\raw\frames\frame_video_14P-OzCytaw_unknown_website_019_00.jpg,
vgwn5uCyVdg,https://www.youtube.com/watch?v=vgwn5uCyVdg,Google Has A Secret Game You Didn't Know!,2/15/2023,google.com,Play a hidden text adventure game within Google's search page,"By searching 'text adventure' on Google and opening the developer console with Ctrl+Shift+J, you can start a text-based game where your character is the capital G and you must find other letters from the Google logo.",data\raw\frames\frame_video_vgwn5uCyVdg_google_com_001.jpg,
iasx95s-gsk,https://www.youtube.com/watch?v=iasx95s-gsk,Did you know this Microwave Trick?,2/5/2023,No website,Mute microwave keys,Website reference detected but specific details not available from transcript,data\raw\frames\frame_video_iasx95s-gsk_unknown_website_001_00.jpg,
0su4ElfuGnY,https://www.youtube.com/watch?v=0su4ElfuGnY,Microsoft Word Trick Your Teachers Don't Tell You!,2/3/2023,No website,Microsoft Word's Editor tool for improving writing quality,"The Editor tool in Microsoft Word, accessible via the Review tab, provides a score out of 100 for your document and offers suggestions to improve grammar, style, and overall writing quality before submitting papers.",data\raw\frames\frame_video_0su4ElfuGnY_unknown_website_004_00.jpg,
H0MIlKL8Mzo,https://www.youtube.com/watch?v=H0MIlKL8Mzo,Computer Trick I Guarantee You Didn't Know!,2/1/2023,No website,Create godmode folder on your PC,Website reference detected but specific details not available from transcript,data\raw\frames\frame_video_H0MIlKL8Mzo_unknown_website_000.jpg,
oLsEhwmkH-8,https://www.youtube.com/watch?v=oLsEhwmkH-8,Secret Travel Spots No One Knows!,1/30/2023,atlasobscura.com,Find hidden and unique places to visit in cities worldwide,"atlasobscura.com allows users to type in the name of a city and provides a map highlighting cool, hidden places to eat and visit that are not well known to tourists, such as Platform 9 and 3/4 and the Churchill War Rooms, helping travelers discover unique local attractions.",data\raw\frames\frame_video_oLsEhwmkH-8_unknown_website_004_00.jpg,
1PRAGGatMIs,https://www.youtube.com/watch?v=1PRAGGatMIs,GMail Trick I Guarantee You Didn't Know!,1/20/2023,google.com/mail/u/4/#search/has%3Aattachment+larger%3A20MB,Search Gmail for emails with large attachments to free up space,"This Gmail URL uses a search query to find all emails with attachments larger than a specified size (e.g., 20MB). By entering this in the Gmail search bar, users can quickly identify large emails that consume storage space. The speaker suggests using this to avoid buying extra storage by deleting unwanted large attachments, thereby freeing up space efficiently.",data\raw\frames\frame_video_1PRAGGatMIs_unknown_website_001.jpg,
apyiD1uh3xM,https://www.youtube.com/watch?v=apyiD1uh3xM,WiFi Trick I Guarantee You Didn't Know!,1/8/2023,unspecified website,Generates a QR code for easy Wi-Fi access,"Enter your Wi-Fi information on the website and hit Generate to create a QR code that can be printed and placed around your house, allowing guests to scan and instantly join your Wi-Fi network.",data\raw\frames\frame_video_apyiD1uh3xM_unspecified website_000.jpg,
lrrZf563FZw,https://www.youtube.com/watch?v=lrrZf563FZw,Become the Bestest Typer!,12/30/2022,zty.pe,Play a typing game to beat waves of falling words,The website zty.pe offers a game where players must type falling words quickly to prevent them from reaching the bottom. It challenges typing speed and accuracy by presenting waves of words that the user needs to type before they fall completely.,data\raw\frames\frame_video_lrrZf563FZw_unknown_website_003_00.jpg,
k_x_Ooc27T0,https://www.youtube.com/watch?v=k_x_Ooc27T0,Computer Trick I Guarantee You Didn't Know!,12/19/2022,No website,Create invisible folders on your desktop,Website reference detected but specific details not available from transcript,data\raw\frames\frame_video_k_x_Ooc27T0_unknown_website_001_00.jpg,
ZYPwh1O_CQw,https://www.youtube.com/watch?v=ZYPwh1O_CQw,Find Other Pictures of You on the Internet!,12/9/2022,yandex.com/images/,Reverse image search using facial recognition,"The website allows users to upload an image of a person, then uses facial recognition technology to find other pictures of that person across the Internet. This functionality helps in locating multiple images of the same individual online.",data\raw\frames\frame_video_ZYPwh1O_CQw_unknown_website_003_00.jpg,
AXcD4WOc2y8,https://www.youtube.com/watch?v=AXcD4WOc2y8,Separate Vocals and Instruments from Songs!,11/30/2022,alphawaves.com,Separates music and vocals from an uploaded MP3 track,"Allows users to upload an MP3 file and automatically separates the instrumental music from the vocal track, useful for remixing or karaoke purposes.",data\raw\frames\frame_video_AXcD4WOc2y8_alphawaves_com_000.jpg,
y1Bgktoxxq8,https://www.youtube.com/watch?v=y1Bgktoxxq8,Did you know about this Internet trick?,11/22/2022,archive.is,Read articles without logging in by accessing archived versions,"By inserting 'archive.is' before the 'www' in a URL, you can access archived snapshots of web pages, allowing you to read articles that normally require login without needing to sign in.",data\raw\frames\frame_video_y1Bgktoxxq8_archive_is_000.jpg,
LTdZKg5cxM4,https://www.youtube.com/watch?v=LTdZKg5cxM4,This AI Will Write for You! 🤫,11/12/2022,beta.openai.com/playground/,Generate AI-written text like emails quickly,"The website allows users to input prompts and receive AI-generated text responses, such as writing an email requesting more money, making content creation easy and fast.",data\raw\frames\frame_video_LTdZKg5cxM4_unknown_website_004_00.jpg,
MLY4YEUu1tc,https://www.youtube.com/watch?v=MLY4YEUu1tc,Computer Trick I Guarantee You Didn't Know!,11/2/2022,No website,Records and documents step-by-step computer actions with screenshots,"Steps Recorder is a built-in Windows app that captures every action you perform on your computer, including screenshots and detailed descriptions. You start recording, perform the tasks you want to demonstrate, and then stop recording. The tool then compiles all the steps into a report, making it easy to show someone exactly how to do something on a computer.",data\raw\frames\frame_video_MLY4YEUu1tc_unknown_website_015_00.jpg,
7XUFAy7OOQA,https://www.youtube.com/watch?v=7XUFAy7OOQA,Excel Tip I Guarantee You Didn't Know! 🤯,10/24/2022,No tips found,Processing failed or no content found,Processing status: vision_done,,
GVhdPdtYwqM,https://www.youtube.com/watch?v=GVhdPdtYwqM,Top 3 Useful Websites You Should Know!,10/15/2022,www.opensourcealternative.to,Find free open source alternatives to paid software,"A platform where you can discover open source software options that serve as free alternatives to various paid programs, helping users save money and access community-driven tools.",data\raw\frames\frame_video_GVhdPdtYwqM_opensourcealternative_com_000.jpg,
GVhdPdtYwqM,https://www.youtube.com/watch?v=GVhdPdtYwqM,Top 3 Useful Websites You Should Know!,10/15/2022,slidesgo.com,Find free Google Slides and PowerPoint templates,"Provides a wide range of free presentation templates for Google Slides and PowerPoint, making it easy to create professional and visually appealing presentations.",data\raw\frames\frame_video_GVhdPdtYwqM_slidesgo_com_000.jpg,
GVhdPdtYwqM,https://www.youtube.com/watch?v=GVhdPdtYwqM,Top 3 Useful Websites You Should Know!,10/15/2022,watermarkremover.io,Automatically remove watermarks from pictures,"Allows users to upload images with watermarks and automatically removes all watermarks, simplifying the process of cleaning images for reuse or editing.",data\raw\frames\frame_video_GVhdPdtYwqM_watermarkremover_io_000.jpg,
vW_vPP4dDhM,https://www.youtube.com/watch?v=vW_vPP4dDhM,Don't tell your Boss about this! 🤫,10/12/2022,No website,Automatically moves your mouse to simulate activity while working from home,"This mouse mover device is designed to keep your computer active by physically moving your mouse. You simply plug it into your computer or an outlet, place your mouse on top, and turn it on. It then automatically moves the mouse to prevent inactivity detection, helping you avoid interruptions or check-ins from your boss while working remotely.",data\raw\frames\frame_video_vW_vPP4dDhM_unknown_website_008_00.jpg,
NdD4G8yyS3g,https://www.youtube.com/watch?v=NdD4G8yyS3g,This Google Search Trick is a Lifesaver!,10/10/2022,google.com,Search for specific file types directly using file extension filters,"By typing your search term followed by 'file:' and the desired file extension, you can find downloadable files like Excel budget templates quickly without extra effort.",data\raw\frames\frame_video_NdD4G8yyS3g_google_com_001.jpg,
7hYAHIeiJKc,https://www.youtube.com/watch?v=7hYAHIeiJKc,Finally Stop Spam Emails with this Gmail Trick!,9/29/2022,mail.google.com/mail/u/1/#search/unsubscribe,View all emails with 'unsubscribe' to manage subscriptions,"The website mail.google.com/mail/u/1/#search/unsubscribe is used within Gmail to search for all emails containing the word 'unsubscribe,' effectively showing all email lists and marketing emails you are subscribed to. This allows users to easily identify unwanted subscription emails. From this view, users can create a filter by clicking the button in the top right, then selecting 'Create Filter.' They can assign these emails to a new label (folder) by choosing 'New Label,' naming it, and optionally applying the filter to existing emails. This process helps automatically organize and move spam and marketing emails out of the main inbox, reducing clutter and improving email management.",data\raw\frames\frame_video_7hYAHIeiJKc_unknown_website_011_00.jpg,
0gIdPcaVcO0,https://www.youtube.com/watch?v=0gIdPcaVcO0,Excel has been hiding this feature from you! 📷,9/26/2022,No website,Excel's camera tool captures and links live snapshots of cell ranges.,"The Excel camera feature allows users to take a live snapshot of selected cells, which can then be pasted as a linked picture on another sheet. When the original data changes, the pasted image updates automatically, providing a dynamic view of data across sheets. To enable it, users add the camera command from the 'All Commands' list in Excel's customization options.",data\raw\frames\frame_video_0gIdPcaVcO0_unknown_website_004_00.jpg,
ldPCRpVXq08,https://www.youtube.com/watch?v=ldPCRpVXq08,Find the Answers to Any Textbook! 📚,9/22/2022,litsolutions.org,Search school textbooks for step-by-step problem solutions,"Litsolutions.org allows users to search for their school textbooks using a search bar, select a specific chapter and problem, and then provides step-by-step solutions to help solve that problem, making it a useful tool for students needing detailed homework assistance.",data\raw\frames\frame_video_ldPCRpVXq08_unknown_website_003_00.jpg,
mH3Ih6FkRGg,https://www.youtube.com/watch?v=mH3Ih6FkRGg,Top 3 Websites You Didn't Know Existed!,8/31/2022,importyeti.com,Find suppliers for any company by searching their shipments,"Enables you to discover the suppliers behind companies by typing in the company name, such as Adidas, and viewing detailed shipment data.",data\raw\frames\frame_video_mH3Ih6FkRGg_importyeti_com_001.jpg,
mH3Ih6FkRGg,https://www.youtube.com/watch?v=mH3Ih6FkRGg,Top 3 Websites You Didn't Know Existed!,8/31/2022,tinywow.com,Offers many tools for handling various file types including PDFs,"Provides a wide range of file-related tools, especially useful for working with PDFs and other file formats, all in one place.",data\raw\frames\frame_video_mH3Ih6FkRGg_tinywell_000.jpg,
mH3Ih6FkRGg,https://www.youtube.com/watch?v=mH3Ih6FkRGg,Top 3 Websites You Didn't Know Existed!,8/31/2022,wetransfer.com,Transfer files up to 2 gigabytes easily,"Allows you to send large files quickly and simply without complicated setup, supporting transfers up to 2 GB.",data\raw\frames\frame_video_mH3Ih6FkRGg_wetransfer_com_000.jpg,
jTxRCEpUgt0,https://www.youtube.com/watch?v=jTxRCEpUgt0,No one knows about this GMail Trick!,8/12/2022,mail.google.com,Access and manage your Gmail email account,"mail.google.com is used to access Gmail, where you can send and receive emails. The speaker highlights a useful Gmail feature accessible through this site: by adding a plus sign and a keyword to your Gmail address (e.g., yourname+facebook@gmail.com), you create unique email aliases that still deliver to your original inbox. This helps track which websites share your email by monitoring spam sent to these aliases, enhancing email management and spam control.",data\raw\frames\frame_video_jTxRCEpUgt0_unknown_website_008_00.jpg,
#NAME?,https://www.youtube.com/watch?v=-AQ_Qt4SJYc,Find your Next Side Hustle to Make Extra 💰,8/1/2022,sidehustlestack.co,Find platforms to make money in various work categories,"Allows you to select work categories like Tasks and services, then shows different platforms where you can earn money, including required equipment and average pay.",,
pyfkdBLwtHc,https://www.youtube.com/watch?v=pyfkdBLwtHc,I Might go to Jail for Telling You This... 🎮,6/22/2022,emulatorgames.online,Play classic console games directly in your browser,The website allows you to select from various gaming consoles like the Nintendo 64 and play games such as Super Mario 64 instantly in your browser without downloads.,data\raw\frames\frame_video_pyfkdBLwtHc_secure boredom_000.jpg,
WoDyNrMPaYU,https://www.youtube.com/watch?v=WoDyNrMPaYU,Mr. Beast Hates Me For This... 😡,6/14/2022,sponsor.ajay.app,Skip youtube ads automatically,"The Chrome Web Store is used to find and download powerful browser extensions, such as one that automatically skips sponsored parts in YouTube videos, enhancing the viewing experience by removing interruptions.",data\raw\frames\frame_video_WoDyNrMPaYU_unknown_website_008_00.jpg,
OXdTw3wrJ9c,https://www.youtube.com/watch?v=OXdTw3wrJ9c,You can Animate your Drawings!,6/9/2022,sketch.metademolab.com,Animate drawings by uploading and applying animations,"The website allows users to upload drawings, including children's artwork, and animate them by selecting from various animation options such as making the drawing dance. It provides a simple step-by-step process to transform static images into animated ones, making it easy and fun to bring drawings to life.",data\raw\frames\frame_video_OXdTw3wrJ9c_unknown_website_007_00.jpg,
XMSCgFiEvAQ,https://www.youtube.com/watch?v=XMSCgFiEvAQ,Guess which Thumbnails got the Highest Views 🎮 w Matty McTech,5/20/2022,secure boredom,Play a game guessing which YouTube video got more views based on thumbnail and title,"The website offers a game where you compare YouTube videos by guessing which one has more views just from their thumbnails and titles, providing a fun challenge to beat high scores.",data\raw\frames\frame_video_XMSCgFiEvAQ_secure boredom_000.jpg,
hZhMIBAY5Ik,https://www.youtube.com/watch?v=hZhMIBAY5Ik,Find Cheap Video Games by Doing This! 🎮,5/9/2022,isthereanydeal.com,Compare video game prices across stores to find the best deal,"The website allows users to search for a specific video game, such as Elden Ring, and provides a list of different websites where the game is available along with their current prices and any applicable vouchers, helping users save money by choosing the cheapest option.",data\raw\frames\frame_video_hZhMIBAY5Ik_unknown_website_004_00.jpg,
ra3RPGcs2dk,https://www.youtube.com/watch?v=ra3RPGcs2dk,Apple Kept This a Secret📱...,4/21/2022,No website,Tap iphone to open camera,Processing status: vision_done,,
y0f0ZI6UfDI,https://www.youtube.com/watch?v=y0f0ZI6UfDI,Easily speed up your PC with this trick! 🤯 w Matty McTech - #shorts,4/1/2022,downloadmoreram.com,Website to 'download' additional RAM to speed up your computer,"The speaker suggests visiting downloadmoreram.com to select and 'download' a desired amount of RAM, such as 16 gigabytes, by clicking a button and waiting for the process to complete, implying an easy way to speed up your computer.",data\raw\frames\frame_video_y0f0ZI6UfDI_downloadmoreram_com_000.jpg,
Zh-enGJGUmY,https://www.youtube.com/watch?v=Zh-enGJGUmY,Don't Buy Photoshop! Use this Instead. 😊 #shorts #photoshop #photoediting,3/31/2022,photopea.com,Online photo editor for basic image editing as an alternative to Photoshop,"The website is an online photo editing tool that allows users to import various file types or create new images. It provides many of the same editing tools found in Photoshop, making it a cost-effective alternative for users who only need basic editing features without paying for expensive software.",data\raw\frames\frame_video_Zh-enGJGUmY_unknown_website_001_00.jpg,
Nu9wH96VZpE,https://www.youtube.com/watch?v=Nu9wH96VZpE,Create your own AI Generated NFT with this website,3/29/2022,app.wombo.art,Create AI-generated artwork from text prompts,"app.wombo.art allows users to input a text prompt, select an art style, and generate a unique piece of AI-created artwork based on the prompt. Users can also name their created artwork, making it a simple and creative tool for generating digital art from descriptive text.",data\raw\frames\frame_video_Nu9wH96VZpE_unknown_website_004_00.jpg,#NAME?
YQifaR1ZXOY,https://www.youtube.com/watch?v=YQifaR1ZXOY,I bet you didn't know this! #windows #microsoft #windows 10,3/25/2022,No website,Default windows screensaver is an actual window,Website reference detected but specific details not available from transcript,data\raw\frames\frame_video_YQifaR1ZXOY_unknown_website_001_00.jpg,
iffjBXPX9Fo,https://www.youtube.com/watch?v=iffjBXPX9Fo,Find your WiFi password with ease,3/24/2022,No website,Find password of the wifi you are connected to,Website reference detected but specific details not available from transcript,data\raw\frames\frame_video_iffjBXPX9Fo_unknown_website_008_00.jpg,
7oDVhVvRSPs,https://www.youtube.com/watch?v=7oDVhVvRSPs,Create your own Fantasy World,3/23/2022,azgaar.github.io,Generate and edit random maps for DND or role-playing games,"The website allows users to randomly generate maps suitable for DND or role-playing games. Users can zoom into cities on the generated map and click on them to edit city details and view the city's map, providing a customizable and interactive mapping experience for game settings.",data\raw\frames\frame_video_7oDVhVvRSPs_unknown_website_005_01.jpg,
CGMbj_JvW7k,https://www.youtube.com/watch?v=CGMbj_JvW7k,Secret Keyboard on your Computer,3/22/2022,No website,Use emojis in windows,Processing status: vision_done,,
i96Jr4ofG84,https://www.youtube.com/watch?v=i96Jr4ofG84,Pretend like you are a Celebrity,3/21/2022,fakeyou.com,Generate speech using celebrity voices,"The website allows users to select from various categories, such as musicians, and choose a specific voice like the Weeknd. Users can then type any text they want, and the site will generate speech in the chosen voice when they hit speak.",data\raw\frames\frame_video_i96Jr4ofG84_unknown_website_003_00.jpg,
xDNmbyJ2VYs,https://www.youtube.com/watch?v=xDNmbyJ2VYs,That feeling when the USB finally goes in...,3/18/2022,No tips found,Plug in a USB,Processing status: vision_done,,
T9mpjbE16ic,https://www.youtube.com/watch?v=T9mpjbE16ic,These Passwords got Celebrities Hacked,3/17/2022,No tips found,Passwords that got celebs hacked,Processing status: vision_done,,
8AWvLUqUAYA,https://www.youtube.com/watch?v=8AWvLUqUAYA,Expose Photoshopped Pictures?,3/12/2022,fotoforensics.com,Detect if a picture is photoshopped by analyzing image inconsistencies,"Fotoforensics.com allows users to upload an image file to analyze it for signs of photoshopping. By examining brightness and color inconsistencies within the image, such as mismatched areas between the head and body, the website helps identify manipulated photos. This functionality is useful for verifying the authenticity of images and detecting digital alterations.",data\raw\frames\frame_video_8AWvLUqUAYA_unknown_website_006_00.jpg,
nPZQhF6rMfI,https://www.youtube.com/watch?v=nPZQhF6rMfI,You have been Copy Pasting Wrong,3/11/2022,No website,Copy/paste multiple things in one go,Unable to extract detailed information from transcript,data\raw\frames\frame_video_nPZQhF6rMfI_unknown_website_001_02.jpg,
4UfrfkSFlCA,https://www.youtube.com/watch?v=4UfrfkSFlCA,You have been Watching YouTube Wrong!,3/9/2022,youtube.com,Watch youtube videos while doing other things,Website reference detected but specific details not available from transcript,data\raw\frames\frame_video_4UfrfkSFlCA_unknown_website_012_00.jpg,
mR3zm6wPMJg,https://www.youtube.com/watch?v=mR3zm6wPMJg,This Website Will Cure your Boredom!,3/8/2022,nvidia-research-mingyuliu.com/gaugan/,Create simple drawings and have AI transform them into realistic images,"By searching for 'Secure Boredom Part 8' and clicking the first link, you can use brushes on the left to draw simple shapes like mountains or grass, then click an arrow to have AI recreate your drawing as a realistic image.",data\raw\frames\frame_video_mR3zm6wPMJg_secure boredom part 8_000.jpg,
8sOSUtp7dI8,https://www.youtube.com/watch?v=8sOSUtp7dI8,Netflix Secret Hidden Feature?,3/5/2022,netflix-codes.com,Find secret category codes to discover specific genres and content,"By using secret category codes on Netflix, you can search for specific genres like superhero and comic books, which will display all related shows and movies under that code.",data\raw\frames\frame_video_8sOSUtp7dI8_netflix_001.jpg,
OFUszRLmrsc,https://www.youtube.com/watch?v=OFUszRLmrsc,Powerful Website you Should Know!,3/1/2022,wifimap.io,Find public Wi-Fi locations and passwords in your city,"Enter your city on Mayamai to get a list of public Wi-Fi spots nearby; clicking on a location can provide an app to show the Wi-Fi password, useful when you're out without internet.",data\raw\frames\frame_video_OFUszRLmrsc_mayamai_000.jpg,
g_wZ1C-Yu4E,https://www.youtube.com/watch?v=g_wZ1C-Yu4E,You Have Been Lied to!,2/28/2022,thetruesize.com,Visualize the true size of countries or states compared to others,"The website allows users to drag and compare the size of countries or states on a flat map, revealing how distorted sizes like Greenland's appear larger than they actually are when compared to places like Russia or Africa.",data\raw\frames\frame_video_g_wZ1C-Yu4E_the speaker does not specify the exact website url_001.jpg,
jNWpWsFERNM,https://www.youtube.com/watch?v=jNWpWsFERNM,Programming: Expectation vs Reality,2/25/2022,No website,Programming expectation vs reality,Error: No transcript available from AssemblyAI,,
DVJDUAgPKR4,https://www.youtube.com/watch?v=DVJDUAgPKR4,A PC Tip I Guarantee You Didn't Know...,2/23/2022,No website,Unfreeze your black screened PC,Website reference detected but specific details not available from transcript,data\raw\frames\frame_video_DVJDUAgPKR4_unknown_website_000.jpg,
vXKLVKR_Js8,https://www.youtube.com/watch?v=vXKLVKR_Js8,I Found Secret Menu's for Fast Food Restaurants #shorts,11/1/2021,hackthemenu.com,Find secret menu items for various restaurants,The website provides a list of secret menu items for restaurants like McDonald's; clicking on an item shows its description and where to find it.,data\raw\frames\frame_video_vXKLVKR_Js8_not explicitly mentioned_000.jpg,
6GPhFPvWjqs,https://www.youtube.com/watch?v=6GPhFPvWjqs,Tell Me Your a Hacker Without Telling Me... #shorts,5/27/2021,No website,Find password of the wifi you are connected to,Website reference detected but specific details not available from transcript,data\raw\frames\frame_video_6GPhFPvWjqs_unknown_website_015_00.jpg,
0VVvGjybvRo,https://www.youtube.com/watch?v=0VVvGjybvRo,A Powerful Website you should know! #shorts,3/21/2021,musclewiki.com,Provides workouts based on body weight and target muscle,"MuscleWiki is a website designed for individuals aiming to get in shape by selecting their body weight and the specific muscle they want to work out. It then provides a variety of workouts targeting that muscle, making it easy to find exercises tailored to your fitness goals.",data\raw\frames\frame_video_0VVvGjybvRo_unknown_website_002_02.jpg,
